{"Train_RMSE": 0.5018959532362535, "Val_RMSE": 0.5051907572359876, "Train_Loss": 0.2518995702266693, "Val_Loss": 0.25521770119667053, "Train_R_perp": 0.20816455781459808, "Val_R_perp": 0.23695816099643707, "_timestamp": 1705622681.186479, "_runtime": 31.891508102416992, "_step": 43, "_wandb": {"runtime": 31}}