{"Train_RMSE": 0.5115448280795281, "Val_RMSE": 0.5144740879874505, "Train_Loss": 0.26167812943458557, "Val_Loss": 0.2646836042404175, "Train_R_perp": 0.24825069308280945, "Val_R_perp": 0.2356245070695877, "_timestamp": 1705662178.411942, "_runtime": 67.86160206794739, "_step": 21, "_wandb": {"runtime": 71}}