{"Train_RMSE": 0.8138129771237906, "Val_RMSE": 0.8503589962433674, "Train_Loss": 0.6622915863990784, "Val_Loss": 0.7231104373931885, "Train_R_perp": 0.34948083758354187, "Val_R_perp": 0.34902364015579224, "_timestamp": 1705669981.0416172, "_runtime": 43.50876021385193, "_step": 62, "_wandb": {"runtime": 43}}