{"Train_RMSE": 0.7707648356466291, "Val_RMSE": 0.7904930743493771, "Train_Loss": 0.5940784215927124, "Val_Loss": 0.6248793005943298, "Train_R_perp": 0.3439326584339142, "Val_R_perp": 0.35968974232673645, "_timestamp": 1705661360.3497508, "_runtime": 52.49063777923584, "_step": 69, "_wandb": {"runtime": 53}}