{"Train_RMSE": 0.8975374543371071, "Val_RMSE": 0.9442102374233319, "Train_Loss": 0.8055735230445862, "Val_Loss": 0.8915330171585083, "Train_R_perp": 0.007103214506059885, "Val_R_perp": 0.009213768877089024, "_timestamp": 1705672645.681876, "_runtime": 51.739338874816895, "_step": 14, "_wandb": {"runtime": 53}}