{"Train_RMSE": 0.5108752177713788, "Val_RMSE": 0.5197710043317596, "Train_Loss": 0.26099351048469543, "Val_Loss": 0.270161896944046, "Train_R_perp": 0.21837444603443146, "Val_R_perp": 0.21895425021648407, "_timestamp": 1705622915.7545831, "_runtime": 28.909417152404785, "_step": 32, "_wandb": {"runtime": 28}}