{"Train_RMSE": 0.8445320214083639, "Val_RMSE": 0.9542911462225394, "Train_Loss": 0.7132343053817749, "Val_Loss": 0.910671591758728, "Train_R_perp": 0.17751339077949524, "Val_R_perp": 0.1876254826784134, "_timestamp": 1705619938.6561399, "_runtime": 24.804433822631836, "_step": 39, "_wandb": {"runtime": 24}}