{"Train_RMSE": 0.8007685094300564, "Val_RMSE": 0.7835629366809352, "Train_Loss": 0.6412302255630493, "Val_Loss": 0.6139708757400513, "Train_R_perp": 0.373170405626297, "Val_R_perp": 0.37241461873054504, "_timestamp": 1705671942.3889165, "_runtime": 29.171467542648315, "_step": 15, "_wandb": {"runtime": 29}}