{"Train_RMSE": 0.9515970187302314, "Val_RMSE": 0.9753559899282169, "Train_Loss": 0.9055368900299072, "Val_Loss": 0.9513193368911743, "Train_R_perp": 0.38002681732177734, "Val_R_perp": 0.37705695629119873, "_timestamp": 1705672454.011424, "_runtime": 29.673148155212402, "_step": 12, "_wandb": {"runtime": 29}}