{"Train_RMSE": 1.2759442993259185, "Val_RMSE": 1.688678077940246, "Train_Loss": 1.628033995628357, "Val_Loss": 2.8516337871551514, "Train_R_perp": 0.16557256877422333, "Val_R_perp": 0.15324565768241882, "_timestamp": 1705662262.386322, "_runtime": 56.056102991104126, "_step": 20, "_wandb": {"runtime": 57}}