{"Train_RMSE": 1.201410176279055, "Val_RMSE": 1.2158804392214029, "Train_Loss": 1.4433865547180176, "Val_Loss": 1.478365182876587, "Train_R_perp": 0.00037791873910464346, "Val_R_perp": 0.001006039441563189, "_timestamp": 1705669773.7026114, "_runtime": 187.30634546279907, "_step": 53, "_wandb": {"runtime": 189}}