{"Train_RMSE": 0.5484919621522835, "Val_RMSE": 0.5524631818957599, "Train_Loss": 0.30084341764450073, "Val_Loss": 0.3052155673503876, "Train_R_perp": 0.3221036195755005, "Val_R_perp": 0.3648175001144409, "_timestamp": 1705622493.1857288, "_runtime": 29.468244791030884, "_step": 59, "_wandb": {"runtime": 28}}