{"Train_RMSE": 0.5044330337270606, "Val_RMSE": 0.5185579921236363, "Train_Loss": 0.2544526755809784, "Val_Loss": 0.26890239119529724, "Train_R_perp": 0.21221889555454254, "Val_R_perp": 0.22289125621318817, "_timestamp": 1705622821.3140607, "_runtime": 28.0555157661438, "_step": 26, "_wandb": {"runtime": 27}}