{"Train_RMSE": 0.5032817756249787, "Val_RMSE": 0.5100353594284215, "Train_Loss": 0.2532925605773926, "Val_Loss": 0.26013606786727905, "Train_R_perp": 0.22432273626327515, "Val_R_perp": 0.2731263041496277, "_timestamp": 1705622588.294901, "_runtime": 28.772439002990723, "_step": 49, "_wandb": {"runtime": 28}}