{"Train_RMSE": 0.5378117633040955, "Val_RMSE": 0.5370052167294534, "Train_Loss": 0.2892414927482605, "Val_Loss": 0.2883746027946472, "Train_R_perp": 0.30819258093833923, "Val_R_perp": 0.3530820310115814, "_timestamp": 1705622402.3527632, "_runtime": 31.993048191070557, "_step": 69, "_wandb": {"runtime": 34}}