{"Train_RMSE": 0.5073246152727562, "Val_RMSE": 0.5141220151080502, "Train_Loss": 0.2573782801628113, "Val_Loss": 0.2643214464187622, "Train_R_perp": 0.1939271241426468, "Val_R_perp": 0.2495853304862976, "_timestamp": 1705622446.0244024, "_runtime": 29.047279357910156, "_step": 41, "_wandb": {"runtime": 28}}