{"Train_RMSE": 0.5582010180025283, "Val_RMSE": 0.602287033093894, "Train_Loss": 0.3115884065628052, "Val_Loss": 0.36274972558021545, "Train_R_perp": 0.3092251121997833, "Val_R_perp": 0.32048818469047546, "_timestamp": 1705661452.149295, "_runtime": 54.53251814842224, "_step": 14, "_wandb": {"runtime": 56}}