{"Train_RMSE": 0.5286523336252039, "Val_RMSE": 0.5195640324166518, "Train_Loss": 0.27947330474853516, "Val_Loss": 0.26994678378105164, "Train_R_perp": 0.1379060447216034, "Val_R_perp": 0.17360493540763855, "_timestamp": 1705620408.7498887, "_runtime": 26.822340726852417, "_step": 44, "_wandb": {"runtime": 26}}