{"Train_RMSE": 0.665507953722375, "Val_RMSE": 0.7294608930337783, "Train_Loss": 0.4429008364677429, "Val_Loss": 0.5321131944656372, "Train_R_perp": 0.22829747200012207, "Val_R_perp": 0.3043026328086853, "_timestamp": 1705620761.3585594, "_runtime": 27.546887397766113, "_step": 45, "_wandb": {"runtime": 26}}