{"Train_RMSE": 0.5991480929011752, "Val_RMSE": 0.8231114288677779, "Train_Loss": 0.3589784502983093, "Val_Loss": 0.6775124669075012, "Train_R_perp": 0.1220834031701088, "Val_R_perp": 0.12911665439605713, "_timestamp": 1705669916.9792333, "_runtime": 69.33158135414124, "_step": 22, "_wandb": {"runtime": 70}}