{"Train_RMSE": 0.4995194077482621, "Val_RMSE": 0.5182750112936089, "Train_Loss": 0.24951964616775513, "Val_Loss": 0.2686089873313904, "Train_R_perp": 0.21539044380187988, "Val_R_perp": 0.2577969431877136, "_timestamp": 1705620321.7180426, "_runtime": 27.34106969833374, "_step": 43, "_wandb": {"runtime": 26}}