{"Train_RMSE": 0.5278761015734574, "Val_RMSE": 0.5247352937534078, "Train_Loss": 0.27865317463874817, "Val_Loss": 0.27534711360931396, "Train_R_perp": 0.2895509600639343, "Val_R_perp": 0.28636616468429565, "_timestamp": 1705672261.484961, "_runtime": 107.13920092582703, "_step": 38, "_wandb": {"runtime": 108}}