{"Train_RMSE": 0.49798909020394655, "Val_RMSE": 0.5175243133785823, "Train_Loss": 0.24799314141273499, "Val_Loss": 0.267831414937973, "Train_R_perp": 0.26293498277664185, "Val_R_perp": 0.3138953149318695, "_timestamp": 1705621685.8242352, "_runtime": 32.191200256347656, "_step": 49, "_wandb": {"runtime": 37}}