{"Train_RMSE": 0.4960041265556354, "Val_RMSE": 0.5213366524278901, "Train_Loss": 0.2460200935602188, "Val_Loss": 0.27179190516471863, "Train_R_perp": 0.24197351932525635, "Val_R_perp": 0.29087916016578674, "_timestamp": 1705620957.6653752, "_runtime": 29.55138611793518, "_step": 53, "_wandb": {"runtime": 29}}