{"Train_RMSE": 0.5442767066882025, "Val_RMSE": 0.5826728663756653, "Train_Loss": 0.29623714089393616, "Val_Loss": 0.33950766921043396, "Train_R_perp": 0.21608629822731018, "Val_R_perp": 0.2324369251728058, "_timestamp": 1705620495.251926, "_runtime": 28.040585041046143, "_step": 49, "_wandb": {"runtime": 27}}