{"Train_RMSE": 0.5599452122641407, "Val_RMSE": 0.5486848583094837, "Train_Loss": 0.31353864073753357, "Val_Loss": 0.30105507373809814, "Train_R_perp": 0.29909631609916687, "Val_R_perp": 0.3468967080116272, "_timestamp": 1705622310.7253606, "_runtime": 40.91637468338013, "_step": 59, "_wandb": {"runtime": 40}}