{"Train_RMSE": 0.5153423869008349, "Val_RMSE": 0.5396802099693081, "Train_Loss": 0.2655777633190155, "Val_Loss": 0.2912547290325165, "Train_R_perp": 0.3062996566295624, "Val_R_perp": 0.3354733884334564, "_timestamp": 1705622541.1594508, "_runtime": 28.47364068031311, "_step": 31, "_wandb": {"runtime": 28}}