{"Train_RMSE": 467.12546717486225, "Val_RMSE": 483.3136274718519, "Train_Loss": 218206.203125, "Val_Loss": 233592.0625, "Train_R_perp": 0.2735009491443634, "Val_R_perp": 0.2696019411087036, "_timestamp": 1705670509.3533607, "_runtime": 509.77444553375244, "_step": 35}