{"Train_RMSE": 0.49834041546836083, "Val_RMSE": 0.5324436969721097, "Train_Loss": 0.24834316968917847, "Val_Loss": 0.28349629044532776, "Train_R_perp": 0.21139439940452576, "Val_R_perp": 0.28295743465423584, "_timestamp": 1705620448.9906535, "_runtime": 25.44603943824768, "_step": 31, "_wandb": {"runtime": 25}}