{"Train_RMSE": 0.8697896013216331, "Val_RMSE": 0.9853821098499884, "Train_Loss": 0.7565339803695679, "Val_Loss": 0.9709779024124146, "Train_R_perp": 0.30935239791870117, "Val_R_perp": 0.36192724108695984, "_timestamp": 1705619899.1784432, "_runtime": 25.848475217819214, "_step": 39, "_wandb": {"runtime": 28}}