{"Train_RMSE": 0.5138582280024978, "Val_RMSE": 0.5120387039064414, "Train_Loss": 0.26405027508735657, "Val_Loss": 0.26218360662460327, "Train_R_perp": 0.25838443636894226, "Val_R_perp": 0.2649649977684021, "_timestamp": 1705662462.848415, "_runtime": 102.37832593917847, "_step": 52, "_wandb": {"runtime": 103}}