{"Train_RMSE": 0.5134260800671012, "Val_RMSE": 0.5158285548379629, "Train_Loss": 0.26360633969306946, "Val_Loss": 0.2660790979862213, "Train_R_perp": 0.12177242338657379, "Val_R_perp": 0.17281728982925415, "_timestamp": 1705621002.5396204, "_runtime": 27.589152336120605, "_step": 40, "_wandb": {"runtime": 27}}