{"Train_RMSE": 0.5269394510183343, "Val_RMSE": 0.5192759221404231, "Train_Loss": 0.2776651680469513, "Val_Loss": 0.269647479057312, "Train_R_perp": 0.23840099573135376, "Val_R_perp": 0.23896916210651398, "_timestamp": 1705662345.3417861, "_runtime": 62.61199903488159, "_step": 61, "_wandb": {"runtime": 62}}