{"Train_RMSE": 0.5192873725811905, "Val_RMSE": 0.5110571748818339, "Train_Loss": 0.2696594297885895, "Val_Loss": 0.26117944717407227, "Train_R_perp": 0.17183047533035278, "Val_R_perp": 0.17814292013645172, "_timestamp": 1705672949.2097154, "_runtime": 32.80242943763733, "_step": 23, "_wandb": {"runtime": 32}}