{"Train_RMSE": 0.5197510688893361, "Val_RMSE": 0.5146604553622899, "Train_Loss": 0.2701411545276642, "Val_Loss": 0.2648753821849823, "Train_R_perp": 0.18831229209899902, "Val_R_perp": 0.1733274608850479, "_timestamp": 1705669831.7031262, "_runtime": 36.2099072933197, "_step": 19, "_wandb": {"runtime": 36}}