{"Train_RMSE": 0.5295702537643938, "Val_RMSE": 0.5237020970635415, "Train_Loss": 0.2804446220397949, "Val_Loss": 0.2742638885974884, "Train_R_perp": 0.30101916193962097, "Val_R_perp": 0.3036852777004242, "_timestamp": 1705669567.9972148, "_runtime": 108.10407590866089, "_step": 39, "_wandb": {"runtime": 107}}