{"Train_RMSE": 0.5024995538486569, "Val_RMSE": 0.534040806097017, "Train_Loss": 0.2525058090686798, "Val_Loss": 0.2851995825767517, "Train_R_perp": 0.29964980483055115, "Val_R_perp": 0.3391558527946472, "_timestamp": 1705622871.8475618, "_runtime": 31.45860195159912, "_step": 49, "_wandb": {"runtime": 30}}