{"Train_RMSE": 0.6774839461509685, "Val_RMSE": 0.6492859678209485, "Train_Loss": 0.45898446440696716, "Val_Loss": 0.4215722978115082, "Train_R_perp": 0.21351204812526703, "Val_R_perp": 0.24826020002365112, "_timestamp": 1705661735.3720727, "_runtime": 265.21805572509766, "_step": 56, "_wandb": {"runtime": 285}}