{"Train_RMSE": 0.5094752501692915, "Val_RMSE": 0.5340549525603169, "Train_Loss": 0.2595650255680084, "Val_Loss": 0.28521469235420227, "Train_R_perp": 0.3240740895271301, "Val_R_perp": 0.3636530339717865, "_timestamp": 1705622728.8306804, "_runtime": 29.430424451828003, "_step": 38, "_wandb": {"runtime": 29}}