{"Train_RMSE": 0.9059846895280717, "Val_RMSE": 0.9080471274007896, "Train_Loss": 0.8208082318305969, "Val_Loss": 0.8245495557785034, "Train_R_perp": 0.3746708333492279, "Val_R_perp": 0.36805522441864014, "_timestamp": 1705672898.1956224, "_runtime": 49.82694745063782, "_step": 15, "_wandb": {"runtime": 50}}