{"Train_RMSE": 0.518301310642428, "Val_RMSE": 0.5276110703215656, "Train_Loss": 0.2686362564563751, "Val_Loss": 0.2783734202384949, "Train_R_perp": 0.254928857088089, "Val_R_perp": 0.26548317074775696, "_timestamp": 1705672715.37691, "_runtime": 49.6115779876709, "_step": 19, "_wandb": {"runtime": 50}}