{"Train_RMSE": 0.5121796257898681, "Val_RMSE": 0.5158218239325523, "Train_Loss": 0.26232796907424927, "Val_Loss": 0.266072154045105, "Train_R_perp": 0.21937498450279236, "Val_R_perp": 0.25169017910957336, "_timestamp": 1705620718.9802084, "_runtime": 27.351041316986084, "_step": 38, "_wandb": {"runtime": 26}}