{"Train_RMSE": 0.7631119161215337, "Val_RMSE": 0.7894911121287286, "Train_Loss": 0.5823398232460022, "Val_Loss": 0.6232962012290955, "Train_R_perp": 0.34927916526794434, "Val_R_perp": 0.35521960258483887, "_timestamp": 1705671998.5668578, "_runtime": 38.45536279678345, "_step": 44, "_wandb": {"runtime": 38}}