{"Train_RMSE": 0.5208190931916619, "Val_RMSE": 0.5349620271736404, "Train_Loss": 0.27125251293182373, "Val_Loss": 0.2861843705177307, "Train_R_perp": 0.25920042395591736, "Val_R_perp": 0.29891568422317505, "_timestamp": 1705620585.0832283, "_runtime": 28.668168306350708, "_step": 59, "_wandb": {"runtime": 28}}