{"Train_RMSE": 0.8835654564704148, "Val_RMSE": 0.923178422153006, "Train_Loss": 0.7806879878044128, "Val_Loss": 0.8522583842277527, "Train_R_perp": 0.3813871741294861, "Val_R_perp": 0.3957112431526184, "_timestamp": 1705671894.8571715, "_runtime": 35.717907428741455, "_step": 25, "_wandb": {"runtime": 40}}