{"Train_RMSE": 0.5025608376782795, "Val_RMSE": 0.511696909664082, "Train_Loss": 0.2525674104690552, "Val_Loss": 0.26183372735977173, "Train_R_perp": 0.20417535305023193, "Val_R_perp": 0.25504863262176514, "_timestamp": 1705620673.3011782, "_runtime": 28.640894174575806, "_step": 59, "_wandb": {"runtime": 28}}