{"Train_RMSE": 0.5131813645411942, "Val_RMSE": 0.5220434438300995, "Train_Loss": 0.2633551359176636, "Val_Loss": 0.27252933382987976, "Train_R_perp": 0.19175511598587036, "Val_R_perp": 0.20621827244758606, "_timestamp": 1705669443.004626, "_runtime": 34.39138197898865, "_step": 20, "_wandb": {"runtime": 34}}