{"Train_RMSE": 0.9812379076996206, "Val_RMSE": 1.0203668670423638, "Train_Loss": 0.9628278017044067, "Val_Loss": 1.0411485433578491, "Train_R_perp": 0.23708891868591309, "Val_R_perp": 0.26661354303359985, "_timestamp": 1705620278.0943322, "_runtime": 28.79230833053589, "_step": 59, "_wandb": {"runtime": 30}}