{"Train_RMSE": 0.5135946694683572, "Val_RMSE": 0.4981350540189913, "Train_Loss": 0.2637794613838196, "Val_Loss": 0.24813854694366455, "Train_R_perp": 0.23591765761375427, "Val_R_perp": 0.2580186724662781, "_timestamp": 1705672404.2516007, "_runtime": 121.28215765953064, "_step": 65, "_wandb": {"runtime": 122}}