{"Train_RMSE": 2.8654001127101454, "Val_RMSE": 5.940744646415106, "Train_Loss": 8.210516929626465, "Val_Loss": 35.29244613647461, "Train_R_perp": 0.2068655639886856, "Val_R_perp": 0.19115318357944489, "_timestamp": 1705673031.533877, "_runtime": 64.74569082260132, "_step": 18, "_wandb": {"runtime": 66}}