{"Train_RMSE": 0.5673256613858522, "Val_RMSE": 0.6042535708396493, "Train_Loss": 0.3218584358692169, "Val_Loss": 0.36512237787246704, "Train_R_perp": 0.1968904733657837, "Val_R_perp": 0.22783860564231873, "_timestamp": 1705622962.4968815, "_runtime": 27.942269563674927, "_step": 22, "_wandb": {"runtime": 27}}