{"Train_RMSE": 0.5083524327780948, "Val_RMSE": 0.5176435033424626, "Train_Loss": 0.25842219591140747, "Val_Loss": 0.2679547965526581, "Train_R_perp": 0.2129957228899002, "Val_R_perp": 0.2339889407157898, "_timestamp": 1705623011.1870627, "_runtime": 28.909607648849487, "_step": 32, "_wandb": {"runtime": 28}}