{"Train_RMSE": 0.5159232508711972, "Val_RMSE": 0.5025222720659638, "Train_Loss": 0.26617681980133057, "Val_Loss": 0.2525286376476288, "Train_R_perp": 0.27838993072509766, "Val_R_perp": 0.2941960096359253, "_timestamp": 1705672576.636742, "_runtime": 107.05388903617859, "_step": 60, "_wandb": {"runtime": 107}}