{"Train_RMSE": 0.5078620006203635, "Val_RMSE": 0.5160853902594174, "Train_Loss": 0.25792381167411804, "Val_Loss": 0.2663441300392151, "Train_R_perp": 0.21445681154727936, "Val_R_perp": 0.2653815448284149, "_timestamp": 1705620363.112112, "_runtime": 27.030068159103394, "_step": 49, "_wandb": {"runtime": 26}}