{"Train_RMSE": 0.8058659519608978, "Val_RMSE": 0.8142025056549775, "Train_Loss": 0.6494198441505432, "Val_Loss": 0.6629257202148438, "Train_R_perp": 0.3296024203300476, "Val_R_perp": 0.33295950293540955, "_timestamp": 1705672131.4658828, "_runtime": 114.49226188659668, "_step": 27, "_wandb": {"runtime": 117}}