{"Train_RMSE": 0.5031176441160364, "Val_RMSE": 0.5197579599076474, "Train_Loss": 0.2531273663043976, "Val_Loss": 0.2701483368873596, "Train_R_perp": 0.2460046261548996, "Val_R_perp": 0.2796860933303833, "_timestamp": 1705622776.2293112, "_runtime": 29.67920732498169, "_step": 37, "_wandb": {"runtime": 29}}