{"Train_RMSE": 0.8688277806652763, "Val_RMSE": 0.9843642824588617, "Train_Loss": 0.7548617124557495, "Val_Loss": 0.9689730405807495, "Train_R_perp": 0.18446992337703705, "Val_R_perp": 0.2148650884628296, "_timestamp": 1705619985.7904177, "_runtime": 24.49859356880188, "_step": 39, "_wandb": {"runtime": 23}}