{"Train_RMSE": 9.501862995782721, "Val_RMSE": 9.794810295039936, "Train_Loss": 90.285400390625, "Val_Loss": 95.93830871582031, "Train_R_perp": 0.23953089118003845, "Val_R_perp": 0.2932853102684021, "_timestamp": 1705620022.687274, "_runtime": 24.87296199798584, "_step": 39, "_wandb": {"runtime": 24}}