{"Train_RMSE": 0.5034734656512226, "Val_RMSE": 0.516576438249599, "Train_Loss": 0.2534855306148529, "Val_Loss": 0.2668512165546417, "Train_R_perp": 0.23553228378295898, "Val_R_perp": 0.2796231210231781, "_timestamp": 1705620630.6020482, "_runtime": 27.7801730632782, "_step": 44, "_wandb": {"runtime": 27}}