{"Train_RMSE": 0.7919355153457909, "Val_RMSE": 0.8843834327322672, "Train_Loss": 0.6271618604660034, "Val_Loss": 0.7821340560913086, "Train_R_perp": 0.26777130365371704, "Val_R_perp": 0.27146562933921814, "_timestamp": 1705620811.0869977, "_runtime": 29.586931705474854, "_step": 69, "_wandb": {"runtime": 29}}