{"Train_RMSE": 0.7259514320668916, "Val_RMSE": 0.7212152186590383, "Train_Loss": 0.5270054936408997, "Val_Loss": 0.5201513767242432, "Train_R_perp": 0.04536997899413109, "Val_R_perp": 0.04058659076690674, "_timestamp": 1705669392.554251, "_runtime": 62.94838094711304, "_step": 55, "_wandb": {"runtime": 64}}