{"Train_RMSE": 0.5279653010637433, "Val_RMSE": 0.5203406137720652, "Train_Loss": 0.2787473797798157, "Val_Loss": 0.2707543671131134, "Train_R_perp": 0.3384452760219574, "Val_R_perp": 0.33769920468330383, "_timestamp": 1705672831.1302416, "_runtime": 97.21855974197388, "_step": 59, "_wandb": {"runtime": 96}}