{"Train_RMSE": 0.5055912293943611, "Val_RMSE": 0.5056759417020004, "Train_Loss": 0.2556225061416626, "Val_Loss": 0.25570815801620483, "Train_R_perp": 0.238230898976326, "Val_R_perp": 0.2748800814151764, "_timestamp": 1705620538.5753846, "_runtime": 29.338186502456665, "_step": 59, "_wandb": {"runtime": 28}}